train_loss,epoch,step
0.744262158870697,0,49
0.8427479267120361,0,99
1.2769361734390259,0,149
0.6916927099227905,0,199
1.020339012145996,0,249
0.9976340532302856,0,299
0.8389021158218384,0,349
0.6072257161140442,0,399
